<?xml version="1.0" encoding="UTF-8"?>
<!-- 설정추가 -->
<!DOCTYPE mapper PUBLIC "-//mybatis.org//DTD Mapper 3.0//EN"
    "http://mybatis.org/dtd/mybatis-3-mapper.dtd">
 
<!-- IScoreMapper 인터페이스 구현 xml 파일이다 -->    
<!-- namespace추가 -> 어떤 인터페이스를 구현하는지 명시 -->
<mapper namespace="com.spring.db.mybatis.score.repository.IScoreMapper">
	<!-- db 컬럼명과 vo의 필드명을 맞추는 resultMap선언 -->
	<!-- resultMap을 참고하여 sql결과를 객체로 포장한다 -->
	<!-- id: resultMap별명 type: vo클래스 경로 -->
	<resultMap id="scoreMap" type="com.spring.db.mybatis.score.model.ScoreVO" >
		<!-- property: vo의 필드명 colum: 컬럼명 -->
		<!-- <id>: primary key 매핑 -->
		<id property="stu_id" column="stu_id"/>
		<!-- <result>: 나머지 맵핑 -->
		<result property="stu_name" column="stu_name"/>
		<result property="kor" column="kor"/>
		<result property="eng" column="eng"/>
		<result property="math" column="math"/>
		<result property="total" column="total"/>
		<result property="average" column="average"/>
	</resultMap>
	
	<!--점수등록 기능 -->
	<!-- id: xml파일이 구현하고 있는 인터페이스의 추상메서드 이름 -->
	<!-- parameterType 생략 가능(알아서 인식) -->
	<!-- ?채우기 대신 #{필드명}으로 가능 -->
	<insert id="insertScore" parameterType="com.spring.db.mybatis.score.model.ScoreVO">
		insert into scores values(id_seq.nextval,#{stu_name},#{kor},#{eng},#{math},#{total},#{average})
	</insert>
	
	<!-- 점수목록 조회 기능 -->
	<!-- 
		select결과를 알아서 객체 포장한다
		이때 vo 필드명과 db 컬럼명과 일치해야하며 일치하지 않았을 경우 resultMap을 설정해야한다
		모두 일치할 경우 resultType속성에 vo클래스 경로작성하면된다
	-->
	<select id="selectAllScores" resultMap="scoreMap">
		select * from scores order by stu_id desc
	</select>
	
	<!-- 점수 삭제 기능 -->
	<delete id="deleteScores">
		<!-- #{}안에는 구현하고 있는 추상메서드의 매개변수 이름을 기입 -->
		delete from scores where stu_id = #{stuNum}
	</delete>
	
	<!-- 점수 개별 조회 -->
	<select id="selectOne" resultMap="scoreMap">
		select * from scores where stu_id = #{stuNum}
	</select>
</mapper>